Mah, Cx, Cy
0.1,0.135339,0.00104041
0.3,0.278031,0.00104041
0.5,0.178947,0.00104041
0.7,0.179806,0.00105006
0.9,0.181499,0.0011131
1,0.100291,0.00121186
1.3,0.10624,0.00184549
1.5,0.105347,0.00197571
2,0.0939683,0.00208063
2.5,0.0896157,0.00188814
3,0.0851226,0.0016447
3.5,0.0809917,0.00140645
4,0.0774042,0.00119654
4.5,0.0753982,0.0011091
5,0.0737315,0.00104021
