Mah, Cx, Cy
0.1,0.0875997,0.00104041
0.3,0.164465,0.00104041
0.5,0.168882,0.00104041
0.7,0.171473,0.00105006
0.9,0.174363,0.0011131
1,0.0780546,0.00121186
1.3,0.0850705,0.00184549
1.5,0.0847318,0.00197571
2,0.0744121,0.00208063
2.5,0.0708335,0.00188814
3,0.0669439,0.0016447
3.5,0.063304,0.00140645
4,0.0601282,0.00119654
4.5,0.0584751,0.0011091
5,0.0571164,0.00104021
