Mah, Cx, Cy
0.1,0.412068,0.00104041
0.3,0.242812,0.00104041
0.5,0.215451,0.00104041
0.7,0.202342,0.00105006
0.9,0.195871,0.0011131
1,0.125514,0.00121186
1.3,0.121707,0.00184549
1.5,0.116099,0.00197571
2,0.0963872,0.00208063
2.5,0.0865103,0.00188814
3,0.0788274,0.0016447
3.5,0.0716299,0.00140645
4,0.0656214,0.00119654
4.5,0.0616483,0.0011091
5,0.0583476,0.00104021
