Mah, Cx, Cy
0.1,0.209668,0.00104041
0.3,0.167929,0.00104041
0.5,0.171359,0.00104041
0.7,0.173377,0.00105006
0.9,0.175871,0.0011131
1,0.0856762,0.00121186
1.3,0.0923419,0.00184549
1.5,0.0918208,0.00197571
2,0.0811519,0.00208063
2.5,0.0773175,0.00188814
3,0.0732279,0.0016447
3.5,0.0694251,0.00140645
4,0.0661126,0.00119654
4.5,0.0643421,0.0011091
5,0.0628809,0.00104021
