Mah, Cx, Cy
0.1,0.197079,0.00104041
0.3,0.145158,0.00104041
0.5,0.159344,0.00104041
0.7,0.168933,0.00105006
0.9,0.177657,0.0011131
1,0.0519517,0.00121186
1.3,0.0572164,0.00184549
1.5,0.0560755,0.00197571
2,0.0444299,0.00208063
2.5,0.0400559,0.00188814
3,0.0356485,0.0016447
3.5,0.0316541,0.00140645
4,0.0282274,0.00119654
4.5,0.111956,0.0011091
5,0.109515,0.00104021
